id,Date,Quality_grade,AQI ,AQI_rank ,PM ,PM10,So2,No2,Co,O3
1,2018/1/1,3,125,232,88,197,8,54,1.17,42
2,2018/1/2,3,109,230,81,146,6,42,0.98,30
3,2018/1/3,2,53,144,35,58,4,17,0.76,65
4,2018/1/4,1,31,76,19,25,3,19,1.1,44
5,2018/1/5,2,51,131,35,43,3,16,1.11,27
6,2018/1/6,1,30,48,20,26,3,17,0.9,36
7,2018/1/7,2,54,163,38,48,4,23,0.85,59
8,2018/1/8,2,64,182,43,72,5,32,0.7,57
9,2018/1/9,3,104,348,77,122,10,56,1.07,26
10,2018/1/10,3,128,356,97,138,10,56,1.17,31
11,2018/1/11,4,151,356,114,162,11,65,1.2,35
12,2018/1/12,4,178,358,134,186,11,71,1.31,31
13,2018/1/13,4,174,338,132,182,10,71,1.2,30
14,2018/1/14,5,206,346,161,215,11,68,1.4,29
15,2018/1/15,6,274,353,223,289,9,80,1.64,9
16,2018/1/16,4,195,315,154,197,8,54,1.17,40
17,2018/1/17,3,111,197,83,120,9,49,0.98,45
18,2018/1/18,3,133,230,99,151,9,50,1.02,31
19,2018/1/19,2,97,152,72,122,11,53,1.01,34
20,2018/1/20,2,88,145,64,93,6,36,0.79,52
21,2018/1/21,4,158,274,119,164,10,52,1.21,40
22,2018/1/22,3,115,283,86,103,6,33,0.96,34
23,2018/1/23,3,103,257,77,103,9,42,1.16,12
24,2018/1/24,2,77,265,56,72,6,28,0.87,38
25,2018/1/25,1,43,135,28,37,6,16,0.95,64
26,2018/1/26,2,64,240,45,54,4,15,0.63,70
27,2018/1/27,2,57,183,40,48,3,16,0.62,52
28,2018/1/28,2,90,277,66,80,5,32,0.93,41
29,2018/1/29,3,104,259,78,94,7,28,0.94,62
30,2018/1/30,3,132,296,100,128,5,47,1.14,24
31,2018/1/31,2,84,191,45,106,6,33,0.56,56
32,2018/2/1,2,100,253,73,136,8,51,0.94,30
33,2018/2/2,2,97,274,66,133,7,45,0.87,38
34,2018/2/3,2,96,334,70,127,8,49,0.88,43
35,2018/2/4,3,111,347,83,112,5,36,0.82,53
36,2018/2/5,3,113,348,85,102,4,36,0.94,14
37,2018/2/6,3,144,355,109,125,4,28,0.83,22
38,2018/2/7,4,167,359,127,152,7,45,1.19,16
39,2018/2/8,4,191,364,146,179,7,42,1.19,32
40,2018/2/9,3,129,228,97,123,5,36,0.85,45
41,2018/2/10,3,104,223,55,154,4,24,0.45,59
42,2018/2/11,3,102,263,61,153,6,42,0.61,35
43,2018/2/12,3,116,339,85,172,6,35,0.72,43
44,2018/2/13,3,128,342,96,168,7,30,0.85,43
45,2018/2/14,4,180,359,136,201,5,41,1.08,49
46,2018/2/15,5,202,363,156,206,7,41,1.18,51
47,2018/2/16,5,244,352,194,237,9,35,1.24,60
48,2018/2/17,4,175,326,134,167,5,29,1.1,51
49,2018/2/18,2,65,199,43,71,7,20,0.61,67
50,2018/2/19,2,64,210,45,64,6,23,0.59,72
51,2018/2/20,2,65,192,46,57,4,19,0.77,66
52,2018/2/21,2,59,209,37,61,5,15,0.47,76
53,2018/2/22,1,42,99,24,39,5,16,0.44,67
54,2018/2/23,2,55,149,38,47,4,20,0.75,41
55,2018/2/24,2,55,153,32,57,5,29,0.62,49
56,2018/2/25,2,69,193,48,77,5,30,0.78,76
57,2018/2/26,2,83,231,61,94,5,46,0.85,51
58,2018/2/27,2,79,218,57,86,5,43,0.92,49
59,2018/2/28,3,115,291,86,124,6,43,1.01,65
60,2018/3/1,3,117,336,86,118,6,40,0.94,89
61,2018/3/2,2,76,234,54,81,7,40,0.77,55
62,2018/3/3,3,106,279,79,111,8,43,0.93,52
63,2018/3/4,2,74,270,47,76,5,27,0.49,64
64,2018/3/5,1,46,146,25,45,4,20,0.42,64
65,2018/3/6,1,25,5,10,15,4,15,0.56,47
66,2018/3/7,1,35,49,23,33,4,28,0.61,41
67,2018/3/8,2,80,284,58,90,6,39,0.84,40
68,2018/3/9,2,89,267,64,107,7,47,0.77,55
69,2018/3/10,2,85,226,60,106,6,47,0.68,56
70,2018/3/11,2,75,168,52,91,7,45,0.72,52
71,2018/3/12,2,95,245,70,112,9,48,0.84,58
72,2018/3/13,3,138,328,104,150,7,56,0.95,62
73,2018/3/14,4,163,339,123,177,8,57,1,75
74,2018/3/15,4,169,337,128,177,9,60,1.05,74
75,2018/3/16,3,125,339,93,121,5,41,0.79,64
76,2018/3/17,1,48,71,27,44,3,14,0.54,61
77,2018/3/18,2,85,250,45,119,4,23,0.56,60
78,2018/3/19,2,100,286,60,148,6,32,0.63,64
79,2018/3/20,2,55,174,32,62,6,25,0.62,70
80,2018/3/21,2,85,318,62,107,7,49,0.82,41
81,2018/3/22,2,99,282,70,118,7,50,0.8,52
82,2018/3/23,2,92,219,68,122,7,61,0.83,31
83,2018/3/24,2,92,237,67,96,5,46,0.76,25
84,2018/3/25,1,48,26,26,41,5,31,0.44,77
85,2018/3/26,2,64,95,40,72,6,44,0.61,57
86,2018/3/27,3,104,271,78,119,7,45,0.74,48
87,2018/3/28,2,85,202,58,97,8,31,0.66,71
88,2018/3/29,2,85,229,61,89,5,34,0.74,66
89,2018/3/30,2,73,170,52,83,7,39,0.72,46
90,2018/3/31,2,55,64,36,55,5,39,0.69,22
91,2018/4/1,2,74,127,42,94,8,35,0.68,53
92,2018/4/2,3,101,248,57,142,8,47,0.76,86
93,2018/4/3,2,100,257,61,127,8,53,0.77,85
94,2018/4/4,2,92,291,60,123,8,58,0.79,67
95,2018/4/5,2,85,278,44,117,4,16,0.22,89
96,2018/4/5,2,85,278,44,117,4,16,0.22,89
97,2018/4/6,3,111,318,60,170,4,19,0.27,68
98,2018/4/7,3,104,346,62,155,10,35,0.54,62
99,2018/4/8,2,96,323,55,138,7,42,0.59,81
100,2018/4/9,2,94,268,56,128,8,49,0.67,86
101,2018/4/10,2,90,216,61,126,8,52,0.71,74
102,2018/4/11,3,102,255,72,147,8,44,0.86,59
103,2018/4/12,2,87,283,64,92,5,22,0.67,70
104,2018/4/13,1,43,68,12,27,3,11,0.37,82
105,2018/4/14,2,62,194,28,69,5,20,0.38,90
106,2018/4/15,2,64,157,32,64,7,23,0.45,98
107,2018/4/16,2,85,194,53,100,9,37,0.6,96
108,2018/4/17,3,101,244,57,99,8,42,0.65,107
109,2018/4/18,3,111,277,67,115,8,53,0.72,103
110,2018/4/19,2,95,234,62,108,11,43,0.67,110
111,2018/4/20,2,71,161,51,73,5,19,0.59,85
112,2018/4/21,2,71,270,51,74,5,34,0.74,58
113,2018/4/22,2,76,332,50,88,6,38,0.65,57
114,2018/4/23,1,50,147,30,54,5,24,0.56,66
115,2018/4/24,1,31,23,11,18,5,14,0.61,59
116,2018/4/25,1,34,21,10,21,4,17,0.4,67
117,2018/4/26,1,44,33,16,35,5,16,0.49,84
118,2018/4/27,2,56,88,26,54,6,28,0.5,74
119,2018/4/28,2,65,105,32,63,6,27,0.51,88
120,2018/4/29,2,82,177,49,83,6,34,0.65,95
121,2018/4/30,2,97,281,62,113,7,39,0.66,93
122,2018/5/1,2,69,213,46,77,7,37,0.59,74
123,2018/5/2,3,103,354,70,116,9,33,0.68,82
124,2018/5/3,2,82,326,55,94,7,29,0.59,92
125,2018/5/4,2,83,266,60,85,6,17,0.69,76
126,2018/5/5,2,58,154,38,64,6,29,0.63,59
127,2018/5/6,2,67,255,26,60,8,22,0.38,110
128,2018/5/7,2,71,259,35,69,5,25,0.52,117
129,2018/5/8,2,79,278,56,94,6,38,0.68,56
130,2018/5/9,1,37,25,11,16,4,12,0.44,74
131,2018/5/10,1,32,13,13,17,4,16,0.53,61
132,2018/5/11,1,43,42,21,36,6,35,0.76,57
133,2018/5/12,2,82,260,37,82,8,39,0.76,86
134,2018/5/13,2,80,218,44,82,7,45,0.71,82
135,2018/5/14,2,96,294,51,94,7,47,0.7,105
136,2018/5/15,3,109,342,61,107,7,42,0.78,129
137,2018/5/16,3,110,336,69,114,5,38,0.85,122
138,2018/5/17,2,64,232,31,58,4,14,0.52,96
139,2018/5/18,2,53,90,27,53,4,15,0.55,76
140,2018/5/19,2,54,149,25,46,4,16,0.59,88
141,2018/5/20,2,59,261,34,60,4,22,0.7,72
142,2018/5/21,1,47,132,27,44,3,15,0.68,57
143,2018/5/22,2,55,211,13,38,4,13,0.31,104
144,2018/5/23,2,57,114,24,61,4,12,0.37,84
145,2018/5/24,2,52,83,23,46,4,15,0.49,88
146,2018/5/25,2,61,156,28,47,6,18,0.57,96
147,2018/5/26,2,66,219,32,83,3,12,0.42,81
148,2018/5/27,3,103,306,56,154,5,36,0.51,64
149,2018/5/28,3,120,325,66,187,6,20,0.47,118
150,2018/5/29,2,87,238,42,103,5,24,0.52,119
151,2018/5/30,2,67,183,34,72,5,25,0.51,99
152,2018/5/31,2,92,286,66,115,7,30,0.67,87
153,2018/6/1,1,50,90,28,43,3,15,0.53,82
154,2018/6/2,2,57,114,28,51,5,29,0.65,67
155,2018/6/3,2,67,149,47,76,5,39,0.72,41
156,2018/6/4,2,64,167,26,53,7,43,0.6,78
157,2018/6/5,2,79,244,37,70,8,40,0.65,106
158,2018/6/6,3,101,285,53,86,6,41,0.79,125
159,2018/6/7,2,79,237,46,83,5,28,0.64,113
160,2018/6/8,1,47,117,11,25,4,22,0.35,90
161,2018/6/9,2,65,283,36,60,6,34,0.64,78
162,2018/6/10,2,79,334,42,66,6,38,0.7,80
163,2018/6/11,2,66,185,43,77,6,45,0.77,64
164,2018/6/12,2,75,230,47,69,5,28,0.72,81
165,2018/6/13,2,74,247,37,61,6,32,0.69,89
166,2018/6/14,2,72,231,34,64,8,35,0.68,93
167,2018/6/15,2,52,131,21,40,6,29,0.54,84
168,2018/6/16,1,44,57,17,27,3,16,0.51,84
169,2018/6/17,1,29,5,14,26,4,22,0.66,37
170,2018/6/18,1,38,42,16,25,4,19,0.74,62
171,2018/6/19,1,41,96,20,35,5,28,0.76,59
172,2018/6/20,2,53,217,22,42,4,30,0.73,68
173,2018/6/21,1,33,38,14,26,4,18,0.65,56
174,2018/6/22,1,49,171,20,37,5,20,0.74,73
175,2018/6/23,1,39,112,22,35,5,21,0.72,52
176,2018/6/24,1,27,30,15,24,3,19,0.7,40
177,2018/6/25,1,30,67,19,29,4,18,0.69,31
178,2018/6/26,1,26,35,11,20,3,17,0.6,46
179,2018/6/27,1,27,32,12,25,4,21,0.68,38
180,2018/6/28,1,44,158,19,38,4,22,0.69,54
181,2018/6/29,1,35,45,20,33,4,22,0.77,39
182,2018/6/30,1,37,78,17,29,4,18,0.65,52
183,2018/7/1,1,31,46,12,23,3,17,0.65,59
184,2018/7/2,1,33,54,11,17,3,15,0.62,62
185,2018/7/3,1,32,62,5,9,3,12,0.6,63
186,2018/7/4,1,29,41,6,17,4,16,0.63,54
187,2018/7/5,1,37,98,9,23,4,16,0.67,73
188,2018/7/6,1,36,121,6,17,4,12,0.68,70
189,2018/7/7,1,43,211,14,29,4,20,0.69,77
190,2018/7/8,1,42,202,22,41,4,21,0.7,55
191,2018/7/9,1,30,77,8,15,4,16,0.6,55
192,2018/7/10,1,23,28,6,11,4,19,0.7,36
193,2018/7/11,1,41,130,8,15,4,14,0.5,76
194,2018/7/12,1,29,52,13,25,4,25,0.7,30
195,2018/7/13,1,44,179,20,40,5,21,0.83,50
196,2018/7/14,1,42,165,22,39,4,20,0.7,45
197,2018/7/15,1,43,160,10,19,4,16,0.55,77
198,2018/7/16,1,35,106,9,19,4,16,0.53,64
199,2018/7/17,1,37,105,14,27,4,22,0.63,58
200,2018/7/18,1,49,183,26,46,4,24,0.73,59
201,2018/7/19,2,59,251,37,58,5,26,0.72,67
202,2018/7/20,2,61,249,31,58,6,28,0.66,74
203,2018/7/21,2,60,197,27,54,6,22,0.61,83
204,2018/7/22,2,61,222,27,52,6,21,0.64,90
205,2018/7/23,2,59,237,27,54,5,23,0.65,79
206,2018/7/24,2,59,242,28,56,7,28,0.68,79
207,2018/7/25,2,64,264,38,67,5,31,0.73,73
208,2018/7/26,2,61,244,35,55,4,23,0.75,81
209,2018/7/27,1,42,133,10,19,4,23,0.55,75
210,2018/7/28,1,41,98,16,30,5,26,0.63,74
211,2018/7/29,1,41,88,17,31,5,25,0.6,65
212,2018/7/30,1,34,56,11,26,6,17,0.55,53
213,2018/7/31,1,34,61,10,25,5,17,0.55,58
214,2018/8/1,1,35,64,13,29,5,21,0.57,57
215,2018/8/2,1,28,26,12,23,6,35,0.58,39
216,2018/8/3,1,30,35,9,20,6,17,0.53,49
217,2018/8/4,1,42,115,13,31,6,18,0.59,64
218,2018/8/5,2,53,187,18,38,6,19,0.6,81
219,2018/8/6,2,61,236,20,40,5,21,0.64,94
220,2018/8/7,2,52,198,28,49,6,27,0.69,66
221,2018/8/8,1,46,135,10,24,7,16,0.51,80
222,2018/8/9,1,44,86,15,36,6,21,0.58,62
223,2018/8/10,1,37,52,11,27,5,24,0.62,68
224,2018/8/11,2,54,135,23,47,8,26,0.67,75
225,2018/8/12,2,54,187,14,28,4,21,0.6,96
226,2018/8/13,2,62,277,20,43,7,27,0.6,85
227,2018/8/14,2,87,352,33,63,8,32,0.68,111
228,2018/8/15,2,61,303,31,59,6,27,0.62,79
229,2018/8/16,2,52,284,16,33,5,19,0.61,91
230,2018/8/17,1,49,226,16,37,5,23,0.61,81
231,2018/8/18,2,61,318,21,43,6,20,0.61,89
232,2018/8/19,2,74,351,29,53,7,27,0.68,101
233,2018/8/20,2,80,349,34,63,7,28,0.71,112
234,2018/8/21,2,69,289,35,60,7,20,0.69,110
235,2018/8/22,2,62,254,15,30,6,23,0.66,106
236,2018/8/23,2,55,160,18,35,5,24,0.57,93
237,2018/8/25,2,56,148,34,60,6,27,0.82,74
238,2018/8/27,2,77,284,39,71,6,29,0.78,114
239,2018/8/29,3,104,341,42,70,7,30,0.75,143
240,2018/8/31,2,69,327,37,60,6,24,0.77,110
241,2018/9/2,1,40,160,9,20,5,9,0.47,82
242,2018/9/3,1,38,114,10,27,5,20,0.55,78
243,2018/9/4,1,46,179,16,39,5,24,0.61,61
244,2018/9/5,1,38,93,13,22,5,13,0.51,66
245,2018/9/6,1,37,83,19,36,6,30,0.61,52
246,2018/9/7,1,43,181,24,44,4,21,0.56,45
247,2018/9/8,1,49,229,23,48,4,21,0.51,52
248,2018/9/9,1,48,162,26,49,4,21,0.51,46
249,2018/9/10,1,35,45,16,31,4,14,0.41,58
250,2018/9/11,1,32,28,16,28,4,16,0.47,56
251,2018/9/12,1,39,94,20,37,4,19,0.53,43
252,2018/9/13,1,33,63,20,31,4,15,0.54,49
253,2018/9/14,1,29,37,16,26,4,21,0.58,35
254,2018/9/15,1,21,3,7,16,3,17,0.5,36
255,2018/9/16,1,25,27,8,16,4,13,0.4,47
256,2018/9/17,1,29,82,10,23,4,21,0.54,30
257,2018/9/18,1,25,57,8,18,3,10,0.62,38
258,2018/9/19,1,18,7,4,13,3,13,0.63,30
259,2018/9/20,1,41,130,15,40,5,32,0.79,22
260,2018/9/21,2,52,209,24,50,4,29,0.61,44
261,2018/9/22,1,48,181,25,46,4,20,0.58,50
262,2018/9/23,2,67,289,46,69,4,25,0.72,56
263,2018/9/24,1,29,63,13,20,3,13,0.54,51
264,2018/9/25,1,28,45,5,10,3,9,0.48,55
265,2018/9/26,1,39,135,7,15,3,13,0.53,78
266,2018/9/27,1,32,63,7,15,4,15,0.46,57
267,2018/9/28,1,40,97,18,37,5,32,0.59,36
268,2018/9/29,2,56,209,35,56,4,25,0.62,45
269,2018/9/30,2,64,252,43,61,5,35,0.68,31
270,2018/10/1,1,36,85,22,35,7,27,0.43,35
271,2018/10/2,1,45,100,29,44,8,41,0.54,15
272,2018/10/3,1,41,61,26,39,6,31,0.45,32
273,2018/10/4,2,53,106,37,51,5,27,0.5,32
274,2018/10/5,2,75,251,54,70,4,31,0.59,34
275,2018/10/6,2,83,272,61,76,5,31,0.61,26
276,2018/10/7,1,33,35,21,30,4,20,0.44,35
277,2018/10/8,1,35,47,20,27,3,17,0.48,57
278,2018/10/9,1,40,86,18,39,4,30,0.45,48
279,2018/10/10,2,59,253,33,66,5,30,0.5,42
280,2018/10/11,2,60,265,41,64,3,34,0.58,36
281,2018/10/12,2,67,261,48,69,4,33,0.66,13
282,2018/10/13,2,58,161,41,51,3,22,0.54,50
283,2018/10/14,1,44,116,30,42,3,33,0.59,35
284,2018/10/15,2,59,237,41,63,5,35,0.73,32
285,2018/10/16,2,85,309,62,83,4,35,0.81,18
286,2018/10/17,2,71,266,50,70,4,35,0.75,11
287,2018/10/18,1,36,61,24,32,2,21,0.62,35
288,2018/10/19,1,29,22,12,17,4,13,0.6,56
289,2018/10/20,1,25,15,7,11,2,12,0.66,47
290,2018/10/21,1,22,11,9,16,3,21,0.65,33
291,2018/10/22,1,41,91,25,40,4,23,0.77,26
292,2018/10/23,1,39,83,20,39,3,20,0.58,39
293,2018/10/24,1,36,43,20,35,3,19,0.54,32
294,2018/10/25,1,48,95,26,49,5,32,0.74,25
295,2018/10/26,2,59,209,30,66,5,36,0.66,31
296,2018/10/27,2,66,269,41,81,4,37,0.7,20
297,2018/10/28,2,69,277,48,82,4,34,0.75,36
298,2018/10/29,3,112,364,83,129,6,46,0.9,28
299,2018/10/30,3,128,366,94,139,9,52,0.93,36
300,2018/10/31,2,73,263,50,90,7,43,0.72,41
301,2018/11/1,2,100,330,74,109,5,46,0.84,42
302,2018/11/2,2,92,297,68,101,5,42,0.82,44
303,2018/11/3,2,76,250,54,86,5,42,0.69,40
304,2018/11/4,1,50,140,27,53,3,25,0.44,50
305,2018/11/5,1,29,19,11,21,3,20,0.44,42
306,2018/11/6,1,37,131,19,31,5,25,0.47,39
307,2018/11/7,1,29,73,16,25,3,24,0.43,40
308,2018/11/8,2,54,232,38,49,3,23,0.51,38
309,2018/11/9,2,56,201,38,50,4,37,0.53,28
310,2018/11/10,2,66,218,46,69,8,43,0.81,9
311,2018/11/11,2,78,273,57,81,6,30,0.83,20
312,2018/11/12,2,66,215,47,66,4,28,0.75,19
313,2018/11/13,2,64,212,45,63,3,32,0.74,10
314,2018/11/14,2,62,186,43,64,5,32,0.73,10
315,2018/11/15,1,35,67,23,34,5,25,0.62,17
316,2018/11/16,1,20,20,11,15,3,14,0.46,39
317,2018/11/17,1,24,57,14,18,4,19,0.42,35
318,2018/11/18,1,33,95,21,33,5,31,0.49,29
319,2018/11/19,1,37,87,24,37,4,22,0.46,36
320,2018/11/20,2,89,290,66,93,6,43,0.9,9
321,2018/11/21,2,74,280,48,80,6,38,0.68,17
322,2018/11/22,2,59,179,36,66,5,37,0.53,29
323,2018/11/23,2,94,295,70,91,5,27,0.7,27
324,2018/11/24,3,103,273,77,109,6,40,0.98,7
325,2018/11/25,3,118,249,89,116,6,32,0.93,25
326,2018/11/26,3,125,224,93,119,5,43,0.83,18
327,2018/11/27,3,118,223,88,129,7,50,1.02,14
328,2018/11/28,2,83,169,61,106,6,39,0.9,14
329,2018/11/29,2,81,178,58,103,6,33,0.82,21
330,2018/11/30,3,135,255,101,163,10,47,1.34,3
331,2018/12/1,3,128,244,95,143,6,33,1.11,10
332,2018/12/2,2,56,83,36,58,5,30,0.83,8
333,2018/12/3,3,134,268,70,216,5,29,0.47,36
334,2018/12/4,4,155,342,84,258,5,28,0.45,40
335,2018/12/5,2,95,306,51,142,4,29,0.65,17
336,2018/12/6,2,76,310,38,101,4,23,0.56,30
337,2018/12/7,2,54,280,23,62,3,10,0.41,53
338,2018/12/8,1,25,70,15,23,3,10,0.55,34
339,2018/12/9,1,20,50,13,18,2,12,0.78,17
340,2018/12/10,1,41,141,28,37,4,18,0.85,18
341,2018/12/11,2,62,183,43,68,6,30,0.94,20
342,2018/12/12,2,79,205,58,88,6,32,0.84,20
343,2018/12/13,2,80,167,58,88,7,38,0.81,11
344,2018/12/14,2,97,228,72,102,6,42,0.87,9
345,2018/12/15,2,90,223,66,94,6,44,0.85,19
346,2018/12/16,2,99,216,74,106,8,49,1.06,23
347,2018/12/17,3,136,324,103,139,6,47,1.21,33
348,2018/12/18,4,167,349,126,160,6,51,1.15,23
349,2018/12/19,4,158,299,119,145,6,44,1.02,19
350,2018/12/20,4,195,341,147,172,5,32,0.95,18
351,2018/12/21,2,95,255,69,94,5,30,0.98,15
352,2018/12/28,2,57,251,40,46,3,20,0.74,41
353,2018/12/29,2,58,226,41,51,6,20,0.59,49
354,2018/12/30,2,69,252,49,61,5,29,0.78,19
355,2018/12/31,2,52,134,36,42,3,21,0.82,15
356,2019/1/1,2,51,111,36,45,4,22,0.88,21
357,2019/1/2,2,71,157,51,60,4,24,0.87,18
358,2019/1/3,2,76,146,55,64,4,30,0.81,17
359,2019/1/4,2,71,177,51,70,6,48,1.16,12
360,2019/1/5,2,93,253,68,96,6,44,1,29
361,2019/1/6,3,102,238,76,100,5,41,0.9,18
362,2019/1/7,2,95,227,70,101,7,46,1.12,14
363,2019/1/8,2,99,246,73,112,8,42,1.03,15
364,2019/1/9,3,105,312,78,104,6,26,0.84,35
365,2019/1/10,2,65,176,46,56,6,27,1.04,17
366,2019/1/11,2,90,203,66,95,7,39,1.21,25
367,2019/1/12,2,95,208,70,95,4,39,1.08,36
368,2019/1/13,3,127,233,96,134,6,50,1.39,24
369,2019/1/14,3,134,231,101,150,7,54,1.41,8
370,2019/1/15,2,93,231,61,105,5,33,0.75,40
371,2019/1/16,2,77,247,56,90,5,40,0.83,30
372,2019/1/17,3,109,310,81,120,6,42,1,16
373,2019/1/18,2,98,220,72,100,5,45,0.9,20
374,2019/1/19,2,80,165,58,93,8,45,1.12,23
375,2019/1/20,2,88,236,59,103,6,38,0.8,42
376,2019/1/21,2,59,126,33,64,6,44,0.59,30
377,2019/1/22,3,105,269,78,123,7,52,0.94,28
378,2019/1/23,3,122,301,92,140,7,51,0.93,24
379,2019/1/24,3,131,266,99,150,8,61,1.07,15
380,2019/1/25,4,157,320,117,178,8,56,1.14,16
381,2019/1/26,3,114,291,85,123,6,36,0.86,20
382,2019/1/27,2,59,93,42,50,2,24,0.78,26
383,2019/1/28,2,80,189,58,77,4,28,0.91,31
384,2019/1/29,2,99,221,73,93,3,28,0.75,41
385,2019/1/30,2,98,232,73,90,3,29,0.73,27
386,2019/1/31,2,97,345,71,97,4,34,0.77,18
387,2019/2/1,2,97,296,72,92,5,38,0.76,20
388,2019/2/2,2,95,224,70,85,3,30,0.89,20
389,2019/2/3,2,73,142,49,73,3,28,0.74,30
390,2019/2/4,2,82,196,57,93,4,30,0.57,44
391,2019/2/5,5,202,312,160,214,8,31,0.97,46
392,2019/2/6,3,104,257,77,112,4,28,0.69,50
393,2019/2/7,2,74,238,52,80,4,23,0.54,46
394,2019/2/8,2,71,291,50,73,4,14,0.48,47
395,2019/2/9,2,58,219,35,66,2,9,0.49,58
396,2019/2/10,1,49,163,34,47,3,13,0.46,60
397,2019/2/11,2,52,157,35,50,3,16,0.63,47
398,2019/2/12,2,54,165,37,51,3,22,0.66,44
399,2019/2/13,2,75,253,54,78,2,30,0.73,27
400,2019/2/14,2,68,232,48,66,3,23,0.61,38
401,2019/2/15,2,58,200,29,65,3,21,0.46,53
402,2019/2/16,2,59,203,33,65,3,18,0.48,38
403,2019/2/17,2,52,183,32,53,2,12,0.5,46
404,2019/2/18,1,37,115,25,31,2,14,0.5,53
405,2019/2/19,2,62,171,43,52,3,24,0.55,31
406,2019/2/20,2,84,186,61,80,5,37,0.87,17
407,2019/2/21,2,77,175,56,80,5,40,0.89,33
408,2019/2/22,3,103,254,76,106,5,44,0.9,27
409,2019/2/23,3,112,234,83,106,5,38,0.82,26
410,2019/2/24,2,63,149,45,56,3,35,0.55,28
411,2019/2/25,2,93,230,69,92,6,46,0.76,15
412,2019/2/26,2,56,117,38,52,3,26,0.45,48
413,2019/2/27,1,45,87,31,39,4,28,0.52,59
414,2019/2/28,2,69,171,49,69,5,38,0.59,35
415,2019/3/1,1,39,51,26,33,3,26,0.51,43
416,2019/3/2,1,35,55,22,31,4,35,0.62,34
417,2019/3/3,2,60,160,42,59,5,37,0.6,34
418,2019/3/4,2,65,163,46,63,4,41,0.63,32
419,2019/3/5,2,70,181,50,76,6,43,0.72,38
420,2019/3/6,1,46,122,30,44,3,33,0.45,49
421,2019/3/7,1,33,55,21,28,3,22,0.36,54
422,2019/3/8,2,67,207,48,54,3,23,0.49,61
423,2019/3/9,2,71,210,50,64,5,39,0.71,43
424,2019/3/10,2,73,222,52,75,5,40,0.73,50
425,2019/3/11,2,90,305,66,104,6,52,0.82,48
426,2019/3/12,2,82,287,59,104,6,59,0.68,28
427,2019/3/13,2,70,219,48,78,5,37,0.56,46
428,2019/3/14,1,50,106,23,48,4,36,0.41,61
429,2019/3/15,2,71,299,50,83,9,47,0.58,34
430,2019/3/16,2,65,206,46,62,4,28,0.5,53
431,2019/3/17,2,52,87,35,48,3,38,0.56,41
432,2019/3/18,2,65,178,45,62,4,35,0.66,44
433,2019/3/19,3,117,343,88,121,6,52,0.8,30
434,2019/3/20,2,72,230,51,77,7,46,0.74,43
435,2019/3/21,2,69,223,35,86,3,25,0.34,66
436,2019/3/22,2,65,303,32,79,5,30,0.41,48
437,2019/3/23,2,52,214,25,54,5,31,0.41,53
438,2019/3/24,1,37,51,16,29,3,21,0.39,63
439,2019/3/25,1,48,98,33,45,4,23,0.51,52
440,2019/3/26,2,81,264,59,88,5,40,0.7,42
441,2019/3/27,2,89,274,61,98,5,42,0.73,46
442,2019/3/28,2,62,195,32,67,6,35,0.58,64
443,2019/3/29,2,75,252,45,90,7,44,0.71,73
444,2019/3/30,2,72,240,37,92,4,29,0.44,73
445,2019/3/31,2,53,158,23,56,4,24,0.44,67
446,2019/4/1,2,61,226,42,59,5,22,0.61,38
447,2019/4/2,1,41,39,22,32,3,22,0.55,59
448,2019/4/3,1,41,66,18,32,3,20,0.43,69
449,2019/4/4,1,42,72,23,36,4,24,0.49,72
450,2019/4/5,2,82,254,51,77,7,35,0.68,73
451,2019/4/6,2,73,220,39,76,7,41,0.71,75
452,2019/4/7,2,85,268,44,89,7,49,0.69,82
453,2019/4/8,2,69,214,38,77,6,40,0.57,90
454,2019/4/9,2,62,304,23,49,4,21,0.42,106
455,2019/4/10,1,41,80,18,36,5,16,0.44,66
456,2019/4/11,1,33,48,18,29,3,21,0.52,55
457,2019/4/12,1,48,115,28,49,4,32,0.69,35
458,2019/4/13,1,42,60,20,37,4,23,0.57,48
459,2019/4/14,1,41,59,15,29,4,16,0.38,76
460,2019/4/15,1,35,31,14,20,3,12,0.45,62
461,2019/4/16,2,51,101,35,48,3,24,0.58,36
462,2019/4/17,1,45,40,28,45,4,30,0.58,42
463,2019/4/18,2,69,196,49,77,6,43,0.78,52
464,2019/4/19,2,78,271,56,88,5,45,0.87,40
465,2019/4/20,2,57,162,36,58,3,28,0.57,43
466,2019/4/21,2,55,156,33,60,4,36,0.66,46
467,2019/4/22,2,65,219,33,67,4,30,0.59,78
468,2019/4/23,2,78,297,48,88,5,42,0.73,77
469,2019/4/24,2,75,243,49,84,4,40,0.74,75
470,2019/4/25,2,90,329,55,92,4,38,0.75,95
471,2019/4/26,2,79,324,51,81,4,30,0.71,98
472,2019/4/27,2,54,179,32,51,3,18,0.6,67
473,2019/4/28,1,33,27,12,24,3,13,0.5,60
474,2019/4/29,1,41,98,17,32,4,20,0.55,68
475,2019/4/30,1,46,128,18,40,3,18,0.44,80
476,2019/5/1,2,64,207,44,63,4,23,0.62,67
477,2019/5/2,1,42,41,26,39,3,15,0.45,66
478,2019/5/3,1,49,56,33,48,4,18,0.55,58
479,2019/5/4,2,53,82,35,52,4,28,0.63,41
480,2019/5/5,1,40,71,27,38,3,24,0.59,41
481,2019/5/6,1,36,72,6,11,3,15,0.45,71
482,2019/5/7,1,49,132,3,10,2,14,0.38,96
483,2019/5/8,1,38,62,11,19,3,24,0.49,74
484,2019/5/9,1,43,86,20,30,4,22,0.55,64
485,2019/5/10,2,59,140,37,57,5,30,0.65,58
486,2019/5/11,2,60,104,36,56,4,32,0.63,66
487,2019/5/12,2,64,106,42,64,3,22,0.59,65
488,2019/5/13,2,57,122,30,62,3,14,0.35,84
489,2019/5/14,2,88,258,61,117,4,16,0.52,59
490,2019/5/15,2,59,180,39,61,4,24,0.65,39
491,2019/5/16,2,56,171,28,61,4,25,0.54,51
492,2019/5/17,2,54,176,32,56,3,19,0.54,69
493,2019/5/18,2,52,169,33,51,4,21,0.61,59
494,2019/5/19,2,66,242,39,85,4,23,0.52,42
495,2019/5/20,1,50,121,19,45,3,17,0.34,77
496,2019/5/21,2,61,147,27,58,4,18,0.43,88
497,2019/5/22,2,54,86,30,48,4,19,0.53,88
498,2019/5/23,2,72,180,39,66,4,33,0.62,81
499,2019/5/24,2,71,177,47,84,5,52,0.78,72
500,2019/5/25,2,80,246,50,82,4,37,0.74,83
501,2019/5/26,2,66,277,38,64,4,31,0.64,94
502,2019/5/27,2,64,299,28,77,3,15,0.26,88
503,2019/5/28,1,42,119,9,18,2,13,0.35,78
504,2019/5/29,1,32,47,8,12,3,16,0.46,59
505,2019/5/30,1,45,99,30,38,6,33,0.63,53
506,2019/5/31,2,64,262,43,67,4,37,0.76,54
507,2019/6/1,2,77,280,39,68,5,45,0.72,80
508,2019/6/2,2,78,253,40,79,4,37,0.64,102
509,2019/6/3,2,92,320,44,95,4,42,0.66,108
510,2019/6/4,2,89,297,43,88,4,33,0.64,123
511,2019/6/5,2,70,269,17,26,3,22,0.48,121
512,2019/6/6,2,63,289,25,46,3,28,0.6,96
513,2019/6/7,2,63,258,32,45,4,20,0.56,101
514,2019/6/8,2,56,208,39,53,3,33,0.72,44
515,2019/6/9,2,54,214,30,44,6,25,0.59,67
516,2019/6/10,1,43,137,24,40,3,22,0.56,68
517,2019/6/11,1,34,65,22,31,3,17,0.48,53
518,2019/6/14,1,35,140,21,35,3,30,0.61,57
519,2019/6/15,1,31,98,15,25,3,14,0.45,77
520,2019/6/17,1,28,64,18,25,4,17,0.52,57
521,2019/6/18,1,32,148,18,32,4,24,0.63,32
522,2019/6/19,1,20,37,12,18,3,19,0.62,43
523,2019/6/20,1,31,168,16,30,4,22,0.73,35
524,2019/6/25,1,38,100,22,34,3,21,0.62,58
525,2019/6/26,1,41,125,24,40,4,21,0.69,45
526,2019/6/27,1,24,11,9,17,4,15,0.6,39
527,2019/6/28,1,37,102,9,19,4,26,0.47,65
528,2019/6/29,1,42,151,16,33,4,28,0.52,71
529,2019/6/30,1,48,198,25,47,4,29,0.6,71
530,2019/7/1,2,65,275,25,50,4,32,0.6,83
531,2019/7/2,2,58,202,32,63,5,39,0.66,68
532,2019/7/3,1,48,134,28,49,5,32,0.56,55
533,2019/7/4,1,43,135,19,32,3,21,0.52,70
534,2019/7/5,2,56,197,26,37,3,14,0.54,88
535,2019/7/6,2,52,205,31,53,5,33,0.72,54
536,2019/7/7,2,63,276,41,66,9,39,0.72,45
537,2019/7/12,1,25,51,12,18,5,19,0.55,68
538,2019/7/13,1,41,208,19,30,5,23,0.59,91
539,2019/7/14,1,47,223,27,45,6,33,0.67,82
540,2019/7/15,1,46,214,31,46,4,33,0.7,56
541,2019/7/16,1,19,24,8,13,3,13,0.56,55
542,2019/7/17,1,22,32,10,19,4,16,0.61,41
543,2019/7/18,1,21,19,10,18,4,16,0.6,48
544,2019/7/19,1,19,31,8,14,4,14,0.64,47
545,2019/7/20,1,29,81,14,24,6,24,0.63,66
546,2019/7/21,1,45,195,22,47,5,30,0.72,48
547,2019/7/22,1,33,126,15,32,5,25,0.64,37
548,2019/7/23,1,46,252,21,47,6,27,0.61,53
549,2019/7/24,1,46,252,23,46,4,26,0.61,63
550,2019/7/25,1,42,223,21,41,6,28,0.58,75
551,2019/7/26,1,48,249,32,48,5,27,0.65,62
552,2019/8/6,1,41,170,5,10,3,14,0.4,77
553,2019/8/7,1,36,97,14,26,3,24,0.54,46
554,2019/8/8,1,34,81,16,31,4,27,0.64,30
555,2019/8/9,1,36,123,11,25,4,20,0.53,68
556,2019/8/10,2,68,347,25,47,6,35,0.72,80
557,2019/8/11,2,77,354,32,57,5,36,0.68,94
558,2019/8/21,1,33,89,21,25,7,17,0.53,66
559,2019/8/22,1,43,145,29,36,4,19,0.6,77
560,2019/8/23,2,51,189,34,48,5,23,0.65,82
561,2019/8/24,2,54,216,32,50,5,25,0.61,91
562,2019/8/25,2,58,273,40,64,5,29,0.67,89
563,2019/8/26,2,62,304,44,67,5,25,0.7,79
564,2019/8/27,1,33,159,14,28,6,27,0.53,77
565,2019/8/28,1,40,219,22,35,4,23,0.63,64
566,2019/9/1,1,50,278,33,51,4,23,0.61,48
567,2019/9/2,1,40,185,27,38,5,25,0.59,37
568,2019/9/3,1,27,79,18,26,4,18,0.58,41
569,2019/9/4,1,27,52,18,25,4,17,0.68,39
570,2019/9/5,1,38,159,22,38,4,21,0.7,34
571,2019/9/6,1,45,189,25,46,4,31,0.85,20
572,2019/9/7,1,41,126,26,40,4,23,0.88,23
573,2019/9/8,1,25,44,15,21,4,12,0.76,47
574,2019/9/9,1,17,13,9,15,4,11,0.75,48
575,2019/9/10,1,18,25,4,10,4,13,0.73,54
576,2019/9/11,1,17,19,11,16,5,21,0.79,24
577,2019/9/12,1,31,113,20,28,4,27,0.88,16
578,2019/9/13,1,26,76,8,7,4,7,0.35,77
579,2019/9/14,1,17,16,7,9,4,16,0.37,48
580,2019/9/15,1,32,121,20,31,4,28,0.54,23
581,2019/9/16,1,41,171,25,41,4,24,0.62,36
582,2019/9/17,1,20,21,8,15,4,14,0.4,47
583,2019/9/18,1,33,112,16,30,5,23,0.54,44
584,2019/9/19,1,19,10,6,11,4,17,0.5,47
585,2019/9/20,1,32,55,14,29,6,34,0.48,43
586,2019/9/21,2,51,238,28,54,7,43,0.54,35
587,2019/9/22,1,46,172,25,46,4,35,0.46,55
588,2019/9/23,1,47,124,31,49,5,37,0.53,41
589,2019/9/24,1,41,70,26,41,8,34,0.49,33
590,2019/9/25,1,45,82,27,42,5,30,0.48,51
591,2019/9/26,2,51,123,34,52,5,34,0.54,56
592,2019/9/27,2,66,235,47,67,5,36,0.68,53
593,2019/9/28,2,65,181,47,73,5,42,0.72,61
594,2019/9/29,2,77,247,56,83,6,45,1.02,46
595,2019/9/30,2,74,242,53,72,5,38,1.03,35
596,2019/10/1,2,73,280,53,65,4,21,0.87,61
597,2019/10/2,1,48,133,33,41,4,25,0.72,43
598,2019/10/3,1,40,82,28,36,4,21,0.77,40
599,2019/10/4,1,25,58,13,24,4,21,0.72,25
600,2019/10/5,1,32,176,16,31,9,22,0.67,31
601,2019/10/6,1,13,6,7,11,6,13,0.67,32
602,2019/10/7,1,26,60,13,25,6,22,0.67,35
603,2019/10/8,1,26,56,15,24,6,20,0.67,32
604,2019/10/9,1,17,14,9,15,5,13,0.6,36
605,2019/10/10,1,37,101,21,37,6,33,0.83,16
606,2019/10/11,1,39,116,20,39,6,24,0.71,32
607,2019/10/12,1,33,70,17,33,5,19,0.54,56
608,2019/10/13,1,31,61,18,30,4,20,0.6,34
609,2019/10/14,1,34,115,20,33,4,22,0.58,36
610,2019/10/15,1,15,7,10,14,4,16,0.64,36
611,2019/10/16,1,19,14,8,13,4,19,0.68,41
612,2019/10/17,1,33,72,16,29,4,29,0.66,40
613,2019/10/18,1,50,159,34,50,6,28,0.71,43
614,2019/10/19,1,48,97,31,50,5,33,0.77,42
615,2019/10/20,2,51,87,32,54,5,36,0.8,39
616,2019/10/21,2,52,109,35,50,5,23,0.78,37
617,2019/10/22,1,30,48,18,28,5,22,0.72,34
618,2019/10/23,1,28,35,17,26,4,22,0.73,44
619,2019/10/24,1,23,22,12,16,4,12,0.59,47
620,2019/10/25,1,18,27,5,10,4,17,0.45,48
621,2019/10/26,1,21,42,12,19,4,27,0.58,20
622,2019/10/27,1,46,138,31,44,5,36,0.75,16
623,2019/10/28,2,53,153,36,56,7,33,0.78,36
624,2019/10/29,2,57,173,39,60,5,31,0.77,31
625,2019/10/30,2,62,132,42,68,5,38,0.88,25
626,2019/10/31,2,54,78,35,60,5,33,0.72,21
627,2019/10/31,2,54,78,35,60,5,33,0.72,21
628,2019/11/1,1,33,51,19,31,4,28,0.65,33
629,2019/11/2,1,50,111,29,53,7,36,0.78,27
630,2019/11/3,2,61,196,44,61,4,30,0.68,30
631,2019/11/4,2,60,160,42,60,4,33,0.78,10
632,2019/11/5,1,35,53,22,33,4,28,0.6,39
633,2019/11/6,1,44,83,28,41,5,31,0.72,44
634,2019/11/7,2,64,200,45,66,5,24,0.79,41
635,2019/11/8,2,69,234,50,63,4,33,0.78,30
636,2019/11/9,2,68,169,49,69,5,30,0.69,20
637,2019/11/10,2,70,164,51,74,7,37,0.8,21
638,2019/11/11,2,84,287,62,89,6,34,0.8,19
639,2019/11/12,2,55,121,37,58,5,31,0.65,25
640,2019/11/13,1,46,116,23,49,5,33,0.42,32
641,2019/11/14,2,63,240,38,77,7,39,0.64,24
642,2019/11/15,2,63,164,42,76,5,39,0.66,29
643,2019/11/16,2,90,277,66,109,8,44,0.73,17
644,2019/11/17,3,102,244,70,121,6,31,0.59,29
645,2019/11/18,2,88,278,49,126,5,34,0.48,34
646,2019/11/19,2,81,246,51,112,6,37,0.62,16
647,2019/11/20,2,57,133,37,66,5,35,0.65,23
648,2019/11/21,2,70,230,51,75,6,38,0.75,23
649,2019/11/22,2,82,269,60,77,5,32,0.68,19
650,2019/11/23,2,95,291,70,90,9,38,0.79,12
651,2019/11/24,1,48,158,29,42,4,21,0.51,48
652,2019/11/25,1,21,32,10,18,3,21,0.44,53
653,2019/11/26,1,20,9,13,17,3,20,0.6,24
654,2019/11/27,1,39,132,25,38,8,25,0.74,16
655,2019/11/28,1,40,161,27,36,6,22,0.77,16
656,2019/11/29,1,30,28,20,26,4,20,0.82,12
657,2019/11/30,1,32,41,19,31,5,20,0.8,23
658,2019/12/1,1,50,166,32,52,8,37,0.68,24
659,2019/12/2,2,59,218,39,66,8,36,0.71,25
660,2019/12/3,2,70,223,50,78,7,40,0.8,24
661,2019/12/4,2,93,303,69,103,8,46,0.86,18
662,2019/12/5,3,107,338,80,115,7,39,0.88,27
663,2019/12/6,2,86,283,63,92,7,44,0.89,25
664,2019/12/7,2,97,252,72,104,5,42,0.85,23
665,2019/12/8,2,81,171,59,90,6,43,0.99,20
666,2019/12/9,3,112,248,84,130,7,49,1.12,21
667,2019/12/10,3,142,293,107,158,5,53,1.25,27
668,2019/12/11,3,127,303,96,142,5,48,1.12,21
669,2019/12/12,3,147,345,112,156,6,48,1.1,10
670,2019/12/13,3,141,321,107,161,6,43,1.15,3
671,2019/12/14,3,138,310,104,145,7,37,1.04,5
672,2019/12/15,3,110,306,83,110,5,30,0.82,16
673,2019/12/16,2,51,97,33,50,6,31,0.87,14
674,2019/12/17,2,59,148,39,67,5,38,0.67,19
675,2019/12/18,1,47,165,28,50,5,34,0.39,37
676,2019/12/19,1,45,139,30,45,5,26,0.47,29
677,2019/12/20,2,52,156,36,55,4,30,0.5,16
678,2019/12/21,2,55,152,39,57,4,30,0.59,19
679,2019/12/22,2,81,225,59,85,4,37,0.8,6
680,2019/12/23,2,82,225,60,89,5,40,0.85,11
681,2019/12/24,3,101,266,75,104,6,37,0.95,6
682,2019/12/25,2,66,193,46,67,4,37,0.76,15
683,2019/12/26,1,43,94,18,45,4,25,0.37,54
684,2019/12/27,2,77,221,54,98,7,44,0.65,13
685,2019/12/28,2,76,155,55,92,6,36,0.61,28
686,2019/12/29,2,99,244,74,107,6,32,0.7,16
687,2019/12/30,2,92,241,68,103,5,33,0.8,23
688,2019/12/31,3,108,319,81,121,7,37,0.85,20
